{
  "displacements": [
    -0.2,
    -0.17500000000000002,
    -0.15000000000000002,
    -0.125,
    -0.1,
    -0.07500000000000001,
    -0.04999999999999999,
    -0.024999999999999994,
    0.0,
    0.024999999999999994,
    0.04999999999999999,
    0.07500000000000001,
    0.10000000000000003,
    0.125,
    0.15000000000000002,
    0.175,
    0.2
  ],
  "B3u au": [
    -263.7544907987038,
    -263.75449130861296,
    -263.7544917318201,
    -263.7544920763127,
    -263.7544923488697,
    -263.7544925550623,
    -263.7544926992403,
    -263.7544927845179,
    -263.75449281291066,
    -263.75449278451936,
    -263.75449269924167,
    -263.75449255505964,
    -263.7544923488675,
    -263.75449207631,
    -263.75449173181653,
    -263.7544913086135,
    -263.7544907987027
  ],
  "B2u au": [
    -263.71923637014567,
    -263.7192682057642,
    -263.7192958064904,
    -263.71931916811883,
    -263.7193382870708,
    -263.71935316042044,
    -263.71936378589163,
    -263.7193701618382,
    -263.71937228681804,
    -263.71937016183966,
    -263.71936378589294,
    -263.7193531604178,
    -263.7193382870685,
    -263.7193191681161,
    -263.71929580648685,
    -263.71926820576465,
    -263.7192363701446
  ]
}
