{
  "displacements, dQ (DNC)": [
    -0.2,
    -0.17500000000000002,
    -0.15000000000000002,
    -0.125,
    -0.1,
    -0.07500000000000001,
    -0.04999999999999999,
    -0.024999999999999994,
    0.0,
    0.024999999999999994,
    0.04999999999999999,
    0.07500000000000001,
    0.10000000000000003,
    0.125,
    0.15000000000000002,
    0.175,
    0.2
  ],
  "B3u, cm-1": [
    0.4420673064052295,
    0.3301551801124164,
    0.23727194669801124,
    0.1616645598710459,
    0.10184521894921364,
    0.05659116924785661,
    0.0249477586235959,
    0.006231494017961875,
    0.0,
    0.0062311696500664225,
    0.024947459207077024,
    0.05659175560520608,
    0.10184570550105682,
    0.16166515870408363,
    0.23727273266637328,
    0.3301550553555335,
    0.44206754344330695
  ],
  "B2u, cm-1": [
    7737.894708750692,
    7730.90759817329,
    7724.849939023588,
    7719.722654277956,
    7715.526529380779,
    7712.262206480681,
    7709.930185129176,
    7708.530826622195,
    7708.064447455473,
    7708.530826297826,
    7709.930184842235,
    7712.262207054563,
    7715.526529879806,
    7719.722654876789,
    7724.849939797081,
    7730.907598073485,
    7737.89470898773
  ]
}
